{"pid": 41756, "timestamp": "2026-03-10T12:02:13.388483+05:30", "epoch": 1773124333.388511, "nifty": 24219.8, "mtm": 0.0, "closed": false, "iteration": 4, "net_delta": 0.0}