{"pid": 31208, "timestamp": "2026-03-02T12:39:09.827272+05:30", "epoch": 1772435349.827293, "nifty": 24707.7, "mtm": 7086.0, "closed": false, "iteration": 103, "net_delta": 0.0}